,k,normalized_mutual_info_score,mutual_info_score,homogeneity_score,fowlkes_mallows_score,completeness_score,adjusted_rand_score,adjusted_mutual_info_score,calinski_harabasz_score,davies_bouldin_score,silhouette_score
0,6,0.615897614319834,0.974611521285483,0.6424077879813453,0.6086215726400902,0.5914887127062057,0.4827681198260385,0.6026581454573459,165.1133489745065,1.2571212155812974,0.28193728898584264
1,7,0.6295145786984092,1.0432495570600293,0.6876500283718064,0.611217183581862,0.5804426750666615,0.48840661535513114,0.6150018916762198,156.90751168353094,1.2560170608463816,0.26019467787477374
2,8,0.6160028591355377,1.0702311978899524,0.7054347721626412,0.5553278974168327,0.5466952442246099,0.420198463604929,0.599414911863439,148.25256529286023,1.2333147388928638,0.25313383844515563
3,9,0.6072623400683183,1.075844062694817,0.709134449403041,0.5569404648943949,0.5309829378418037,0.4217041829787717,0.5885725880614949,141.31974067367025,1.1813488333946747,0.26055933175085205
4,10,0.6293880898705739,1.128282078870993,0.7436985698163066,0.5521811423110771,0.5455362299803004,0.4153764747290618,0.6104073620760229,133.6405864847343,1.1287435503182512,0.2628500923341789
5,8,1.0,1.517122829952031,1.0,1.0,1.0,1.0,1.0,81.17586758649125,1.5753319355303421,0.23824072585013562
