,k,normalized_mutual_info_score,mutual_info_score,homogeneity_score,fowlkes_mallows_score,completeness_score,adjusted_rand_score,adjusted_mutual_info_score,calinski_harabasz_score,davies_bouldin_score,silhouette_score
0,4,0.388201655448153,0.44727400128538164,0.2964713557549296,0.5611242984708211,0.5621279547485345,0.2465305668878762,0.3670950749587725,120.53953775855041,0.9459477268571707,0.5786282644741387
1,5,0.3564866974586622,0.4710375454235091,0.31222279699212685,0.4918689887511297,0.4153744294897841,0.23776957153117298,0.3320375406570991,121.18964958801969,0.8342393897512965,0.4402033728444152
2,6,0.4176601288339913,0.5780967373601094,0.38318597322919035,0.5029629308957787,0.4589506143972119,0.26622967036052464,0.38985578639936874,124.33090199902226,0.9583132048296807,0.44597914960875656
3,7,0.43017731868796805,0.6008823622848747,0.39828920993366024,0.5051446442821548,0.4676159101054206,0.27018428741057987,0.39931491340505365,123.81435007853807,0.8191908483706039,0.4626195677711588
4,8,0.4396605906467383,0.6562644789075421,0.4349987239061114,0.4920498327962834,0.4444234619894369,0.28259689825688944,0.40549052777571465,117.65171759958349,0.95912838477002,0.41406544086271674
5,6,1.0,1.5086584002236936,1.0,1.0,1.0,1.0,1.0,19.702067127104982,3.7363197901041705,-0.09144138671822412
