,k,normalized_mutual_info_score,mutual_info_score,homogeneity_score,fowlkes_mallows_score,completeness_score,adjusted_rand_score,adjusted_mutual_info_score,calinski_harabasz_score,davies_bouldin_score,silhouette_score
0,2,0.009679787260232615,0.008567720850929522,0.007800848983381489,0.41472871344894385,0.01275104646969191,0.0030909686683554226,0.0021061413716553785,120.03193143365324,1.050063068351168,0.37989203916098163
1,3,0.026314192155782762,0.027684818359896078,0.025206830488001507,0.36193559274060016,0.02752331954067745,0.00887911245959397,0.013589272548773066,99.66676208871986,1.1042788462657307,0.33747665580946734
2,4,0.038166087945528476,0.046005433529489256,0.041887620479559094,0.3111809990024711,0.035051881068158125,0.007994449152107399,0.021593671153923164,96.90851752548882,1.1036683396378426,0.34323894977576824
3,5,0.04745711994091229,0.06306755947106465,0.05742256496730175,0.27873736917618475,0.04043908631851852,0.015073379207238377,0.027461576860445966,99.85546509355716,0.9857847382059999,0.3661910522701313
4,3,1.0,1.0983062060529227,1.0,1.0,1.0,1.0,1.0,1.9751074796018278,9.1301455401467,-0.019198693057877643
