k,opt_sos_sdp,normalized_mutual_info_score,mutual_info_score,homogeneity_score,fowlkes_mallows_score,completeness_score,adjusted_rand_score,adjusted_mutual_info_score,calinski_harabasz_score,davies_bouldin_score,silhouette_score
2.0,19577.3,0.0009328955978473128,0.0008355749515184252,0.0007607231094866753,0.4044833947646889,0.001205801530993308,-0.0031886440583456244,-0.0026783716457486444,184.66433452888432,1.168152962826578,0.34808766154614523
3.0,12286.9,0.0005112830235959981,0.0005614493915305219,0.0005111540576561698,0.3275926899333746,0.0005114120546293565,-0.005874151386097084,-0.005408904848676883,238.31292333114692,0.884839446512841,0.36029128398191296
4.0,9200.4,0.002619412416204974,0.0032540531518930327,0.0029625510286594545,0.2827842205353122,0.002347511046286977,-0.005065362975899442,-0.005246494863286877,245.93028258579045,0.8785236009097113,0.35439728758976885
5.0,7352.09,0.006434504004655965,0.008678875061707891,0.007901410653575825,0.25663576921240383,0.00542697870398998,-0.0022495671885655534,-0.0032306153528088503,249.36326257951583,0.889096006582799,0.34676465586728217
3.0,nan,1.0,1.0983956463242701,1.0,1.0,1.0,1.0,1.0,5.797852185441633,5.882022552277643,0.0013442973442779936
