true_k,calinski_harabasz_score,davies_bouldin_score,silhouette_score
3,5.797852185441633,5.882022552277643,0.0013442973442779936
