true_k,calinski_harabasz_score,davies_bouldin_score,silhouette_score
3,628.0489014193492,0.7076334829953922,0.4956142510948985
