k,opt_sos_sdp,v_measure_score_0.6,v_measure_score_1.4,normalized_mutual_info_score,mutual_info_score,homogeneity_score,fowlkes_mallows_score,completeness_score,adjusted_rand_score,adjusted_mutual_info_score,calinski_harabasz_score,davies_bouldin_score,silhouette_score
2.0,17873000.0,0.028131067053499055,0.0334795882540688,0.03111337121378848,0.03636693880111641,0.021848380769011678,0.42399955984343324,0.054021751195085135,0.023554266039522005,0.01874081069981196,52.61608034768564,2.654391799943448,0.12611063916871462
3.0,16838500.0,0.12072538934583216,0.13628176153992042,0.1296017009246813,0.1666980831688465,0.10014819268828665,0.4287654161535796,0.18359762431314328,0.08179915472723553,0.10966919863063558,41.65533164260298,2.5325311797579544,0.09761106906613894
4.0,15929100.0,0.15220272317906622,0.16611792716813384,0.16025728863167088,0.22014932894335384,0.13226041353387546,0.43784248300469564,0.20328962151266997,0.12730545286527087,0.13364201600514977,37.81602509175721,2.3000398622871012,0.0951958714299946
5.0,15241000.0,0.15967114443694053,0.16454662492509994,0.16256113494974986,0.2523178570154988,0.1515864902746895,0.3644819235477951,0.17524890450742886,0.10531657125524024,0.13055081494989176,34.62150334727939,2.4259279061575634,0.0763140260241947
6.0,14588400.0,0.16750753668971155,0.1720829943682418,0.17022314067696181,0.2660839897923807,0.15985685122728238,0.3667281236518344,0.18202711228766494,0.10981056348759477,0.13566650908350944,32.861907093261394,2.1046638720575164,0.07856228560509364
7.0,13955400.0,0.18737859763751905,0.191279538367351,0.18969983222947548,0.30085038897769134,0.18074366635137543,0.3653351146137732,0.19958986008257434,0.11005306205634222,0.15105998485681507,31.926916875762114,1.9796163874290615,0.0893736745008538
