true_k,calinski_harabasz_score,davies_bouldin_score,silhouette_score
13,7.3538326473514335,3.9967667294626397,-0.025051894411015418
