dataname,true_k,calinski_harabasz_score,davies_bouldin_score,silhouette_score
3-spiral,3,5.797852185441633,5.882022552277643,0.0013442973442779
3MC,3,628.0489014193492,0.7076334829953922,0.4956142510948985
blobs,3,575.4294853200782,0.607849845884483,0.5448276995403188
flame,2,110.39059785543064,1.1605356766266266,0.3284556923027034
insect,3,45.770922411096016,0.8261096696425358,0.3895558522669933
lsun,3,384.4387306734788,0.7089983903842373,0.4774564120231758
pathbased,3,51.90716154797278,2.5279577241776545,0.260827350983948
