k,opt_sos_sdp,true_k,normalized_mutual_info_score,mutual_info_score,homogeneity_score,fowlkes_mallows_score,completeness_score,adjusted_rand_score,adjusted_mutual_info_score,calinski_harabasz_score,davies_bouldin_score,silhouette_score
2.0,4062.5,0,0.05331865323363232,0.04283523934311223,0.04688371571356603,0.5041814760723365,0.061801040527784075,0.07582119643570624,0.05141704657311922,143.76923076923077,2.01857949405675,0.1819410926722415
