true_k,calinski_harabasz_score,davies_bouldin_score,silhouette_score
3,63.395442099716654,4.218747293065079,0.08883079139216245
