true_k,calinski_harabasz_score,davies_bouldin_score,silhouette_score
3,575.4294853200782,0.607849845884483,0.5448276995403188
