k,opt_sos_sdp,normalized_mutual_info_score,mutual_info_score,homogeneity_score,fowlkes_mallows_score,completeness_score,adjusted_rand_score,adjusted_mutual_info_score,calinski_harabasz_score,davies_bouldin_score,silhouette_score
2.0,337.014,0.58014076123848,0.5130846366030858,0.46702976281570496,0.7178464751213609,0.7655513902623196,0.49546208721050256,0.5785408945824253,346.7956679706255,0.7930103565086946,0.48310073010505317
3.0,144.77,0.8616213640770951,0.946544591906397,0.8615820173046946,0.9351244029785276,0.8616607144434407,0.9030061261184825,0.8607687905808963,599.5022773042637,0.5937411887518809,0.559522406348139
4.0,123.004,0.7649005596468567,0.9363669477900083,0.8523179263953098,0.8378071194534666,0.6937469132566524,0.7628371840809773,0.7629400163807599,486.2641876513297,0.8445585584294051,0.4596767965245963
5.0,105.468,0.6973676167522715,0.9318293362395387,0.8481876143668774,0.7383789065439691,0.5920861543953757,0.6228084107360515,0.6942709012234543,436.1628497272959,0.977027369372981,0.36289537955276924
3.0,nan,1.0,1.0986122886681091,1.0,1.0,1.0,1.0,1.0,575.4294853200782,0.607849845884483,0.5448276995403188
