k,opt_sos_sdp,v_measure_score_0.6,v_measure_score_1.4,normalized_mutual_info_score,mutual_info_score,homogeneity_score,fowlkes_mallows_score,completeness_score,adjusted_rand_score,adjusted_mutual_info_score,calinski_harabasz_score,davies_bouldin_score,silhouette_score
4.0,16162.4,0.08151943301974345,0.08535413676862079,0.08377776221864286,0.12695302748133064,0.0754203013122592,0.2526072253328422,0.09421825904712597,0.027645310283047935,0.07056680569384108,558.0661308282387,0.8923486314414679,0.34893278733260724
5.0,13364.9,0.10837637588059663,0.11039356000639708,0.10957774205706064,0.17661802251934858,0.10492529985189632,0.23940093081475566,0.11466191063325652,0.03545015342093395,0.0932367382420944,523.1991232483508,0.9420232132816873,0.3192755968323302
6.0,11698.0,0.10797190667169788,0.10755673629058679,0.10772242071662592,0.18301790902958504,0.10872734678643892,0.21575095234254335,0.10673590083451877,0.02659427279925827,0.0880755985488046,486.8794773046705,1.0589993360439955,0.2864864243102078
7.0,10552.3,0.10647474063338509,0.1037988144135153,0.10485288064889917,0.18794765528084995,0.11165601225460238,0.19792037587644193,0.0988311593782073,0.02813745584290346,0.08229013128977533,454.8607809904705,1.207820098125675,0.25984506042365524
8.0,9831.41,0.18147251148009133,0.17453233998008663,0.17724371879040066,0.3290176844917573,0.195462947152476,0.21816789458461563,0.16213135024300226,0.06308299235193997,0.15362925133118432,420.94172423979455,1.222521609517997,0.2613383722102094
