true_k,calinski_harabasz_score,davies_bouldin_score,silhouette_score
6,20.679657647590588,5.89901002547441,-0.03357835416491129
