true_k,calinski_harabasz_score,davies_bouldin_score,silhouette_score
8,81.17586758649125,1.5753319355303452,0.23824072585013548
