k,opt_sos_sdp,v_measure_score_0.6,v_measure_score_1.4,normalized_mutual_info_score,mutual_info_score,homogeneity_score,fowlkes_mallows_score,completeness_score,adjusted_rand_score,adjusted_mutual_info_score,calinski_harabasz_score,davies_bouldin_score,silhouette_score
6.0,16.5347,0.6289504347940149,0.6165212944087808,0.621433531799543,0.9901249222167763,0.652633328474849,0.6165667143315855,0.5930807083894373,0.49365992105272427,0.6083844151951374,166.38453535988808,1.2644221221100922,0.280999294822983
7.0,15.0043,0.6365931573115892,0.6154860887330244,0.6237586989449899,1.0293283922625398,0.6784739982425059,0.6418754378490984,0.5772098144799364,0.5265993900048032,0.6089821609647691,157.92598780623803,1.229209297964022,0.2734487842081351
8.0,13.848,0.6370470031172991,0.6031335319475191,0.6162561974225754,1.0753129421737673,0.708784365342236,0.5605420133404836,0.54509662540823,0.426192978871245,0.5996568042730128,150.13386710651346,1.2212185354020686,0.2540869241157365
9.0,12.9786,0.6747127741877957,0.6352693588322013,0.6504800716742517,1.1524170933524711,0.7596069814524568,0.5758129991080211,0.5687693420588131,0.4435754287012778,0.6338409588866849,142.47844313205275,1.1624952775469621,0.2649987522623294
10.0,12.2649,0.6810293734011044,0.6399149147522282,0.6557502472519027,1.16832132641489,0.770090135979188,0.576594900482865,0.5709742805737514,0.44441735511297475,0.6380161381587897,135.71435262960037,1.1207675015930003,0.2709123207761192
