true_k,calinski_harabasz_score,davies_bouldin_score,silhouette_score
2,110.39059785543063,1.1605356766266266,0.3284556923027034
