k,opt_sos_sdp,true_k,normalized_mutual_info_score,mutual_info_score,homogeneity_score,fowlkes_mallows_score,completeness_score,adjusted_rand_score,adjusted_mutual_info_score,calinski_harabasz_score,davies_bouldin_score,silhouette_score
2.0,3123.77,1,0.3987957374536851,0.2685370288304292,0.41007845559141404,0.7363906803426874,0.3881172502537466,0.4534129232216995,0.39691675838371854,157.20621184586793,1.115414499722493,0.3784940710795816
3.0,1913.55,0,0.48627024942110925,0.42188784524332706,0.6442579511796879,0.7037862995686953,0.39050816101559743,0.46156950271349545,0.4837665868329622,202.72141293952922,0.799521740580789,0.41206568174188557
4.0,1211.45,0,0.5401951313617974,0.5423000184997735,0.8281373895516299,0.6713416323651232,0.4008278323502659,0.4296731714964762,0.5372775422796912,258.16406743385016,0.6955953710582403,0.4426011973843992
5.0,1022.72,0,0.5256495878511207,0.5889556160037883,0.8993843808975512,0.6050194209391393,0.3713407501938503,0.34776730851110027,0.5220412914409845,239.22155721975062,0.8354291986139307,0.40290334974973696
