k,normalized_mutual_info_score,mutual_info_score,homogeneity_score,fowlkes_mallows_score,completeness_score,adjusted_rand_score,adjusted_mutual_info_score,calinski_harabasz_score,davies_bouldin_score,silhouette_score
2,1.0,0.6931471805599458,1.0,1.0,1.0,1.0,1.0,2000.6559204985397,0.19115128249343344,0.8613276990526753
3,0.8029784244290346,0.6931471805599458,1.0,0.8668497975016037,0.6708136601848828,0.7533010626414229,0.8006130337815637,1352.7850820752535,0.6940085469376062,0.6254060096221804
4,0.6822742828433005,0.6931471805599457,0.9999999999999999,0.7329003050503234,0.5177665381802417,0.5396406223089729,0.6773693648790168,1205.2383930182614,0.9463542134292653,0.3791063656428615
5,0.620681977713274,0.6931471805599457,0.9999999999999999,0.6712765785411846,0.4499919291160032,0.4531015292176611,0.6135057723795918,1050.5393485331845,0.931758859269167,0.36129516974541603
2,1.0,0.6931471805599458,1.0,1.0,1.0,1.0,1.0,2000.6559204985397,0.19115128249343344,0.8613276990526753
