true_k,calinski_harabasz_score,davies_bouldin_score,silhouette_score
6,19.702067127104982,3.73631979010432,-0.0914413867182059
