k,opt_sos_sdp,v_measure_score_0.6,v_measure_score_1.4,normalized_mutual_info_score,mutual_info_score,homogeneity_score,fowlkes_mallows_score,completeness_score,adjusted_rand_score,adjusted_mutual_info_score,calinski_harabasz_score,davies_bouldin_score,silhouette_score
5.0,400.259,0.36548679046838006,0.385474062997914,0.37722244032303687,0.5043250206736848,0.33428708619453346,0.4978578683426982,0.4328122216009364,0.25204605910211364,0.3532086463841432,123.03415777775743,0.9042043494669558,0.44268867250311705
6.0,336.061,0.40570233697927505,0.4227080836098839,0.41573752769593664,0.5707364427990196,0.3783072713573826,0.49865011470711634,0.4613878987846299,0.25521335962038405,0.38794038685560833,124.61616247195136,0.9350845435798348,0.44688629149634107
7.0,292.254,0.41772056641754224,0.42868603852840725,0.42423148314287784,0.6024588284534091,0.39933415567373015,0.49767895119477046,0.4524397932313275,0.267756636335495,0.39285464959723676,124.00967694153962,0.874123343850381,0.45506175110425007
8.0,266.496,0.44917782817298507,0.45711873433971245,0.45390891597033983,0.6571087899089563,0.43555836749493765,0.5073453178437526,0.4738737325107051,0.27928753155331715,0.4197452779369728,118.84939171483424,0.8579717871319328,0.45747895129403854
9.0,245.351,0.41626127573048827,0.4033267705358167,0.4084028991390969,0.6664680570982393,0.4417620695310615,0.40756648862024225,0.37972815097763674,0.2224588792384759,0.37063118201495615,114.61555420318403,0.9710525084978312,0.30414414017487085
