true_k,calinski_harabasz_score,davies_bouldin_score,silhouette_score
2,8.360345155772595,4.725836847244438,0.0597219507631459
