k,opt_sos_sdp,normalized_mutual_info_score,mutual_info_score,homogeneity_score,fowlkes_mallows_score,completeness_score,adjusted_rand_score,adjusted_mutual_info_score,calinski_harabasz_score,davies_bouldin_score,silhouette_score
2.0,30507.0,7.965736046142885e-05,5.0502371191696316e-05,8.7386168260719e-05,0.5519976954266277,7.318460028939525e-05,-0.0018130326610555291,-0.0025219560050244805,239.92636004273905,0.9687879726138507,0.40129771219209887
3.0,21164.6,0.03613682316903384,0.02744984002717371,0.04749749928056498,0.5319055614762077,0.0291617727025833,0.052241852410672925,0.03190253715912912,239.22305793227414,0.8473812792396576,0.4316143935765462
4.0,15366.5,0.022503468975923268,0.02107442600913252,0.03646587860680349,0.4365966353327911,0.01627278649713847,0.027317070514417494,0.017277846793129433,256.9162536550288,0.8533987498306269,0.37190960407672446
2.0,nan,1.0,0.5779217946828967,1.0,1.0,1.0,1.0,1.0,8.360345155772595,4.725836847244438,0.0597219507631459
