true_k,calinski_harabasz_score,davies_bouldin_score,silhouette_score
2,11.137445285462837,4.156427207730943,0.05014659179751562
