k,opt_sos_sdp,normalized_mutual_info_score,mutual_info_score,homogeneity_score,fowlkes_mallows_score,completeness_score,adjusted_rand_score,adjusted_mutual_info_score,calinski_harabasz_score,davies_bouldin_score,silhouette_score
2.0,549315.0,0.019912292457130217,0.013440073896009985,0.01956452056981369,0.5307324925591533,0.020272651831290223,0.030230332586096146,0.017199186261725025,206.9495407269051,0.9871370082638804,0.38041828000715194
3.0,431736.0,0.013907959973971276,0.012124881952692318,0.01765001473990671,0.43129043966379743,0.0114750795137229,0.010612323423228943,0.009665045566127932,167.52135434182202,1.1633560674055936,0.2773423952865388
4.0,351403.0,0.025088024444836092,0.023113612084690628,0.03364614975873553,0.42138823896105343,0.020000709079092627,0.022863681986486247,0.018816395081958613,156.96769726829186,1.0773743172759558,0.2754035733026458
2.0,nan,1.0,0.6869615765973238,1.0,1.0,1.0,1.0,1.0,11.137445285462837,4.156427207730943,0.05014659179751562
