k,opt_sos_sdp,true_k,normalized_mutual_info_score,mutual_info_score,homogeneity_score,fowlkes_mallows_score,completeness_score,adjusted_rand_score,adjusted_mutual_info_score,calinski_harabasz_score,davies_bouldin_score,silhouette_score
2.0,10683.5,0,0.5714653581432843,0.506210859163194,0.4607729809548126,0.6920827420915049,0.7521576281325172,0.46805819101834284,0.5532686294745759,60.27075259031997,0.5799482315693878,0.5487736943919346
3.0,6002.75,1,0.6449126680040378,0.7053771852381958,0.6420619835714308,0.739971420144161,0.647788778776089,0.6210196944597828,0.6188196252675324,62.245133480488114,0.6953071628687417,0.4687681249232857
4.0,4236.08,0,0.608739437554484,0.7529275783523527,0.6853442166254631,0.6024640760767093,0.5475380311755307,0.4506480558325025,0.567532700638249,60.23961599748195,0.7966716127699024,0.4367901247098583
5.0,3075.25,0,0.6225083430893742,0.8194198139949896,0.7458680577735064,0.6125306510286749,0.5341627402160611,0.46903929232668173,0.5691211202622894,62.19958404465761,0.6300622543768848,0.494629899471638
