true_k,calinski_harabasz_score,davies_bouldin_score,silhouette_score
3,45.770922411096016,0.8261096696425358,0.3895558522669933
