true_k,calinski_harabasz_score,davies_bouldin_score,silhouette_score
2,17.74606012127195,4.08644491721087,0.15487902506233767
