k,opt_sos_sdp,normalized_mutual_info_score,mutual_info_score,homogeneity_score,fowlkes_mallows_score,completeness_score,adjusted_rand_score,adjusted_mutual_info_score,calinski_harabasz_score,davies_bouldin_score,silhouette_score
2.0,2419.36,0.13485692093441007,0.09052648141012387,0.13866866513813614,0.6052850553774272,0.13124912608683412,0.17760685473768603,0.13300819040443437,118.82649338303233,1.513475950743014,0.29597014977773256
3.0,2193.32,0.19282870788838605,0.1569871352216589,0.24047324214915303,0.587003830812214,0.16094162999293374,0.22004621948328987,0.18996767076465187,83.28120876024403,1.8019594860993509,0.2884590817381463
4.0,1999.18,0.23800344208706256,0.2194422392554498,0.3361421091207204,0.5775331551770819,0.18421948056180357,0.24379270080854615,0.2344108128480203,71.96981929435267,1.7104687629047608,0.3057357408709429
2.0,nan,1.0,0.6528257939163475,1.0,1.0,1.0,1.0,1.0,17.74606012127195,4.08644491721087,0.15487902506233767
