k,opt_sos_sdp,v_measure_score_0.6,v_measure_score_1.4,normalized_mutual_info_score,mutual_info_score,homogeneity_score,fowlkes_mallows_score,completeness_score,adjusted_rand_score,adjusted_mutual_info_score,calinski_harabasz_score,davies_bouldin_score,silhouette_score
2.0,152.369,0.6168954576431762,0.685889233295092,0.6565191143081124,0.5738298777087831,0.5223224641010155,0.7504732564880243,0.8835142349190769,0.5399218294207123,0.6538380713762781,513.3038433517569,0.40483413639182864,0.6808136202713507
3.0,78.9408,0.756491967518944,0.7593023249764564,0.7581756800057784,0.8255910976103356,0.7514854021988338,0.8208080729114153,0.7649861514489815,0.7302382722834697,0.7551191675800485,560.3999242466399,0.6623228649898673,0.5525919445213676
4.0,57.3179,0.7417398763484988,0.7092855198443232,0.7219203867820961,0.8880235203213085,0.8083138423637095,0.7565926353252695,0.6522113355514313,0.6498176853819967,0.7172081944051022,529.3982941434153,0.7806400362376116,0.49782569007544925
5.0,46.5356,0.7223625287461923,0.6760803657808112,0.6938628345588717,0.9051279136224294,0.8238829320940431,0.7254830776265845,0.59928706467119,0.6078964652364223,0.6872109247445372,494.0943819140987,0.8062414921965185,0.4885175508538632
