true_k,calinski_harabasz_score,davies_bouldin_score,silhouette_score
3,486.32083931855675,0.7517428073901344,0.5032506980366628
