k,normalized_mutual_info_score,mutual_info_score,homogeneity_score,fowlkes_mallows_score,completeness_score,adjusted_rand_score,adjusted_mutual_info_score,calinski_harabasz_score,davies_bouldin_score,silhouette_score
2,0.36557366684627635,0.23116584276216418,0.40335125058586924,0.6977229525630237,0.33426650953158143,0.3180937556197384,0.36421819127351646,503.4754674444723,0.783072419818396,0.49508103615678445
3,0.364735042844682,0.3039508997765924,0.5303507390048328,0.6091264821881899,0.2779408456210691,0.26254177264068607,0.36266884818536577,580.5550521784285,0.6975972408412426,0.4865910776769234
4,0.41356869205044755,0.3977188212155168,0.6939623172782735,0.5761813788589303,0.2945546646443085,0.25209632732790277,0.4110797620348116,611.7632259389032,0.792489594238666,0.47945975995143336
5,0.3822288423970142,0.41354838061962806,0.7215826287636544,0.5029427627915051,0.2599681648708925,0.18523881735848818,0.3791143721490188,657.4189270346205,0.7477171215298075,0.46242162319888663
2,1.0,0.573112993765099,1.0,1.0,1.0,1.0,1.0,279.48312216168654,0.8996694938176657,0.40246004427612914
