true_k,calinski_harabasz_score,davies_bouldin_score,silhouette_score
3,384.4387306734788,0.7089983903842373,0.47745641202317585
