k,opt_sos_sdp,v_measure_score_0.6,v_measure_score_1.4,normalized_mutual_info_score,mutual_info_score,homogeneity_score,fowlkes_mallows_score,completeness_score,adjusted_rand_score,adjusted_mutual_info_score,calinski_harabasz_score,davies_bouldin_score,silhouette_score
2.0,670.265,0.6178134957169111,0.6718491332645798,0.6491389545399219,0.5611197584224346,0.5396831285472399,0.8181307280119151,0.8142889578784085,0.6660385013251185,0.6481154029375052,385.6928321259544,0.936232660872166,0.46061803927962913
3.0,381.646,0.5410132589662293,0.5394211464633744,0.5400568656616177,0.5655071130232259,0.5439028716973618,0.6423892311282245,0.5362648689101579,0.4358084271876845,0.5378309512789192,487.9512441770458,0.761378721589555,0.4967022054099482
4.0,202.504,0.7468375732097189,0.7067190354538642,0.7222378729708145,0.8648766312254383,0.8318354845664621,0.7254440500031895,0.6381580310742303,0.5868596025789136,0.7204692059389957,728.3004198673977,0.5579387214345408,0.5655319907213792
5.0,143.899,0.8454893774679904,0.7786506053729355,0.8040765861704536,1.0397207708399179,1.0000000000000002,0.7712101533765884,0.6723478919069458,0.6477916751094491,0.8025284399220705,806.9620443446847,0.5826937708312114,0.5666015023842174
