,k,normalized_mutual_info_score,mutual_info_score,homogeneity_score,fowlkes_mallows_score,completeness_score,adjusted_rand_score,adjusted_mutual_info_score,calinski_harabasz_score,davies_bouldin_score,silhouette_score
0,2,0.06396878314401772,0.05436488779470777,0.05005797733316196,0.4822852060392289,0.0885864028026969,0.06974874908109766,0.05764695313002426,232.014436291595,0.7234249737352183,0.5027740345905239
1,3,0.1139106234438496,0.11914576119592271,0.10970676212576345,0.4362685733028855,0.11844949829893632,0.11841356041784676,0.10407617815062818,236.78640914242456,0.7637717724444696,0.4223440254799862
2,4,0.1648830727148463,0.1866009484258928,0.17181799550332494,0.4252562221444593,0.1584862463618469,0.13844314817650305,0.15128209375419285,246.5325584228701,0.7606585390569477,0.41440594458860663
3,5,0.16161069278617538,0.2063615841650991,0.1900131485892171,0.3891720258951406,0.14059506722256074,0.14334257855066654,0.1456037459318396,226.4587460099927,0.9572904498613093,0.3268711167773679
4,3,1.0,1.0860384436406825,1.0,1.0,1.0,1.0,1.0,15.81175326135954,2.8069009264289915,0.06886422802135053
