,k,normalized_mutual_info_score,mutual_info_score,homogeneity_score,fowlkes_mallows_score,completeness_score,adjusted_rand_score,adjusted_mutual_info_score,calinski_harabasz_score,davies_bouldin_score,silhouette_score
0,2,0.6565191143081124,0.5738298777087831,0.5223224641010155,0.7504732564880243,0.8835142349190769,0.5399218294207123,0.653838071376278,513.3038433517569,0.40483413639182814,0.680813620271351
1,3,0.7581756800057784,0.8255910976103356,0.7514854021988338,0.8208080729114153,0.7649861514489815,0.7302382722834697,0.7551191675800483,560.3999242466399,0.6623228649898665,0.552591944521368
2,4,0.7199262269988784,0.8846414796605856,0.8052353762882726,0.7539699941396392,0.650961349654246,0.6460787233460947,0.7151742230795866,529.1207190840453,0.7760382522224336,0.4972279726296807
3,5,0.6938628345588718,0.9051279136224295,0.8238829320940432,0.7254830776265845,0.5992870646711901,0.6078964652364223,0.6872109247445373,494.0943819140988,0.8062414921965185,0.4885175508538636
4,3,1.0,1.0986122886681096,1.0,1.0,1.0,1.0,1.0,486.32083931855675,0.7517428073901348,0.5032506980366627
