,k,normalized_mutual_info_score,mutual_info_score,homogeneity_score,fowlkes_mallows_score,completeness_score,adjusted_rand_score,adjusted_mutual_info_score,calinski_harabasz_score,davies_bouldin_score,silhouette_score
0,2,0.49099715322938187,0.4392356920521657,0.40075861145771274,0.6519055872239359,0.6336831547050913,0.3989713297894657,0.4890804951430663,371.0553030050826,0.7522586238450906,0.5150123044043785
1,3,0.5458430500422186,0.5620602381069193,0.512823717778765,0.6616839023616249,0.5834070523255318,0.46132893486545035,0.5428393181773933,359.10473171402333,0.6692535513389878,0.5419218557223351
2,4,0.4510049359603076,0.5343560336859808,0.4875464038077562,0.573572585418935,0.4195590978523107,0.3749598463724243,0.446257418658441,316.32119689665797,0.8890056340200994,0.42259026332946376
3,5,0.43725030988404434,0.565697353557562,0.5161422216346353,0.5430807534676781,0.37927798371841553,0.35492671515925045,0.43127936896120106,308.0238949174778,0.9706801794236662,0.3625883051448916
4,3,1.0,1.0960106146053783,1.0,1.0,1.0,1.0,1.0,51.90716154797278,2.5279577241776545,0.260827350983948
