,k,normalized_mutual_info_score,mutual_info_score,homogeneity_score,fowlkes_mallows_score,completeness_score,adjusted_rand_score,adjusted_mutual_info_score,calinski_harabasz_score,davies_bouldin_score,silhouette_score
0,2,0.3690019484299286,0.23327525589125858,0.40703187404414487,0.7005435751851286,0.3374712336818574,0.32410804461158343,0.36765345251557974,503.45732384667764,0.783434169362967,0.49523111081717575
1,3,0.364735042844682,0.3039508997765924,0.5303507390048328,0.6091264821881899,0.2779408456210691,0.26254177264068607,0.36266884818536577,580.5550521784285,0.6975972408412426,0.4865910776769234
2,4,0.40989733401237943,0.3935353007116684,0.6866626738408345,0.5741931338978974,0.29214554214715377,0.24853694145465002,0.4073883209962531,611.7046839759932,0.7872036133369501,0.4801154092307751
3,2,1.0,0.573112993765099,1.0,1.0,1.0,1.0,1.0,279.48312216168654,0.8996694938176657,0.40246004427612914
