,k,normalized_mutual_info_score,mutual_info_score,homogeneity_score,fowlkes_mallows_score,completeness_score,adjusted_rand_score,adjusted_mutual_info_score,calinski_harabasz_score,davies_bouldin_score,silhouette_score
0,2,0.7427241164299488,0.4763212814400012,0.7394523693764153,0.9300334498074728,0.7460249441967143,0.8444001082582876,0.7424360151712833,1047.6339248780114,0.758858419752147,0.5971662353003205
1,3,0.6703774544450487,0.5142470196114955,0.7983291780432009,0.8958935289987826,0.5777749290063915,0.7825377560797148,0.6697585103586471,686.2202094248586,1.5410171058422677,0.5256332174328036
2,4,0.6060075854246524,0.5071566322354393,0.7873218937808414,0.8745884556497578,0.49257196742125786,0.7421822043954353,0.6049871776608264,529.8682005724164,1.5582954782362686,0.5375036432612726
3,2,1.0,0.6441541080484816,1.0,1.0,1.0,1.0,1.0,917.7874207459581,0.8024613381343799,0.5701845290280881
