,k,normalized_mutual_info_score,mutual_info_score,homogeneity_score,fowlkes_mallows_score,completeness_score,adjusted_rand_score,adjusted_mutual_info_score,calinski_harabasz_score,davies_bouldin_score,silhouette_score
0,2,0.019912292457130217,0.013440073896009985,0.01956452056981369,0.5307324925591533,0.020272651831290223,0.030230332586096146,0.017199186261725074,206.9495407269051,0.9871370082638844,0.38041828000715194
1,3,0.013907959973971276,0.012124881952692318,0.01765001473990671,0.43129043966379743,0.0114750795137229,0.010612323423228943,0.009665045566127418,167.52135434182202,1.163356067405596,0.2773423952865388
2,4,0.02522133143307516,0.023197279855714965,0.03376794371908884,0.4226150680450802,0.02012717562840241,0.02282830945537682,0.018939683730037616,156.96068805485777,1.0729308530679347,0.2771256712189173
3,2,1.0,0.6869615765973238,1.0,1.0,1.0,1.0,1.0,11.137445285462837,4.156427207730838,0.05014659179751562
