,k,normalized_mutual_info_score,mutual_info_score,homogeneity_score,fowlkes_mallows_score,completeness_score,adjusted_rand_score,adjusted_mutual_info_score,calinski_harabasz_score,davies_bouldin_score,silhouette_score
0,2,0.3987957374536852,0.26853702883042924,0.41007845559141415,0.7363906803426874,0.38811725025374666,0.4534129232216995,0.39691675838371865,157.20621184586793,1.1154144997224935,0.3784940710795816
1,3,0.4757988508619432,0.4127590450292448,0.6303175113472456,0.700630664158687,0.3821235034018879,0.45624001761341054,0.4732438753402563,202.6947172783146,0.7987244218733803,0.41167642379085706
2,4,0.5401951313617975,0.5423000184997735,0.8281373895516299,0.6713416323651232,0.400827832350266,0.4296731714964762,0.5372775422796914,258.16406743385016,0.6955953710582405,0.4426011973843992
3,2,1.0,0.654843055442027,1.0,1.0,1.0,1.0,1.0,110.39059785543063,1.1605356766266266,0.3284556923027034
