,k,normalized_mutual_info_score,mutual_info_score,homogeneity_score,fowlkes_mallows_score,completeness_score,adjusted_rand_score,adjusted_mutual_info_score,calinski_harabasz_score,davies_bouldin_score,silhouette_score
0,2,0.44922286863634064,0.3981389737408716,0.36869137671631014,0.6126015252672271,0.5747663246293778,0.3283870126024342,0.44765665476667005,665.3804951049577,0.7242621893125113,0.5317451487655634
1,3,0.8088691368366147,0.8788705592783971,0.8138665587325334,0.8682238227217552,0.8039327121910246,0.800264438809702,0.8079792049412196,682.4342519561616,0.7032848636744012,0.503592712829231
2,4,0.7291369396590457,0.8957391961817014,0.8294875387756846,0.7303487823449379,0.6504465464055363,0.6070850142928569,0.727458016882152,793.1390215212372,0.7097562688818153,0.4935811979304618
3,5,0.7620462130315269,1.0156659897878242,0.9405441736596437,0.7543020207446631,0.6404925281766825,0.6365931123788192,0.7602270163151568,975.9086777188984,0.6328629570160211,0.5254332576187837
4,3,1.0,1.079870587934092,1.0,1.0,1.0,1.0,1.0,628.0489014193492,0.7076334829953922,0.4956142510948985
