,k,normalized_mutual_info_score,mutual_info_score,homogeneity_score,fowlkes_mallows_score,completeness_score,adjusted_rand_score,adjusted_mutual_info_score,calinski_harabasz_score,davies_bouldin_score,silhouette_score
0,2,0.6491389545399219,0.5611197584224346,0.5396831285472399,0.8181307280119151,0.8142889578784085,0.6660385013251185,0.6481154029375051,385.6928321259544,0.936232660872166,0.46061803927962913
1,3,0.5441428265708904,0.5702290620302115,0.5484444266411677,0.6451067570525141,0.5399081786351214,0.44049232661138926,0.5419385109236445,487.9126952228838,0.7608754083566419,0.4967108599283076
2,4,0.719058207976598,0.8604923963686814,0.8276187419758382,0.7223039906247719,0.6356753078871132,0.5823088545548449,0.7172680242251245,728.1851168870837,0.5555518756940642,0.5652956302735983
3,5,0.8040765861704536,1.0397207708399179,1.0000000000000002,0.7712101533765884,0.6723478919069458,0.6477916751094491,0.8025284399220703,806.9620443446847,0.5826937708312113,0.5666015023842174
4,3,1.0,1.0397207708399177,1.0,1.0,1.0,1.0,1.0,384.4387306734788,0.7089983903842373,0.47745641202317585
