,k,normalized_mutual_info_score,mutual_info_score,homogeneity_score,fowlkes_mallows_score,completeness_score,adjusted_rand_score,adjusted_mutual_info_score,calinski_harabasz_score,davies_bouldin_score,silhouette_score
0,2,0.0007639574464418131,0.0006842998486775165,0.0006229994182583426,0.4043223345069072,0.0009873530665768207,-0.003382265606733334,-0.0028477059938120763,184.58167570637022,1.168456118586899,0.3475548455232534
1,3,0.000589881740070375,0.0006477042051068471,0.0005896820578944928,0.32771812437100006,0.0005900815575275583,-0.0057794843650494105,-0.0053303785730509645,238.26012173957878,0.8834028545120342,0.3602038661200606
2,4,0.002619412416204974,0.0032540531518930327,0.0029625510286594545,0.2827842205353122,0.002347511046286977,-0.005065362975899442,-0.0052464948632851985,245.93028258579045,0.8785236009097105,0.35439728758976885
3,5,0.00709611271589153,0.009568661928640115,0.008711489307756452,0.25736936547009437,0.00598610562507548,-0.0015917365202645433,-0.002565329753922269,249.22184494048724,0.8888497615148188,0.34750887799680913
4,3,1.0,1.0983956463242701,1.0,1.0,1.0,1.0,1.0,5.797852185441633,5.882022552277642,0.0013442973442779936
