,k,normalized_mutual_info_score,mutual_info_score,homogeneity_score,fowlkes_mallows_score,completeness_score,adjusted_rand_score,adjusted_mutual_info_score,calinski_harabasz_score,davies_bouldin_score,silhouette_score
0,2,1.0,0.6931471805599458,1.0,1.0,1.0,1.0,1.0,2000.6559204985397,0.19115128249343344,0.8613276990526753
1,3,0.8029784244290346,0.6931471805599458,1.0,0.8668497975016037,0.6708136601848828,0.7533010626414229,0.8006130337815637,1352.7850820752535,0.6940085469376062,0.6254060096221804
2,4,0.671997342765234,0.6931471805599458,1.0,0.7117096404046371,0.5060210829430875,0.5090425815555127,0.667023184119342,1203.8920630461985,0.97329960905234,0.3699012380216222
3,2,1.0,0.6931471805599458,1.0,1.0,1.0,1.0,1.0,2000.6559204985397,0.19115128249343344,0.8613276990526753
