,k,normalized_mutual_info_score,mutual_info_score,homogeneity_score,fowlkes_mallows_score,completeness_score,adjusted_rand_score,adjusted_mutual_info_score,calinski_harabasz_score,davies_bouldin_score,silhouette_score
0,5,0.6993349994752281,1.0984475727336185,0.6629095594628994,0.680681732167751,0.7399961819075096,0.5811563562389545,0.6707532901380496,82.21871061168217,0.9255466297226407,0.4301899320142995
1,6,0.745044183859346,1.2353155420677453,0.7455089365365566,0.7363517316948206,0.7445800102777634,0.6610838742714487,0.715970851435334,79.97448856682448,0.9310474847925786,0.44779715630304434
2,7,0.7862898368598913,1.3530982944859686,0.8165904468935621,0.774916301213886,0.7581574560474474,0.7098163985220511,0.7579952703461947,75.86313680008628,1.0075023903024767,0.4412945449263874
3,8,0.7568781025920702,1.3405318679858493,0.8090066491211424,0.7183646234124988,0.7110607261950744,0.6385223719297194,0.720483411426024,67.75056436241267,1.0963615384423784,0.3971953494752098
4,9,0.7416589370457979,1.3864558573189085,0.8367216282364359,0.6366475281519646,0.6659932566611865,0.5318272681669588,0.698827454281732,67.25139217266396,1.0981733368431366,0.3897103466010555
5,7,1.0,1.6570097037423919,1.0,1.0,1.0,1.0,1.0,23.902799308963928,1.8586399351741558,0.3039716264714694
