,k,normalized_mutual_info_score,mutual_info_score,homogeneity_score,fowlkes_mallows_score,completeness_score,adjusted_rand_score,adjusted_mutual_info_score,calinski_harabasz_score,davies_bouldin_score,silhouette_score
0,2,0.005786989327841169,0.004002535455741196,0.005793384802243847,0.500442676741445,0.005780607958142769,0.0026932361183221775,0.002293975968186479,59.66574074845002,1.8050913234690484,0.1977266315691377
1,3,0.005847483247447814,0.005161935108768584,0.007471533166911317,0.41706045315888335,0.004803393538530997,0.0019581843318996206,0.0003465332411869368,55.26108041097138,1.6990430526872935,0.19227265316823583
2,4,0.017879562693488293,0.018033129863569225,0.02610167021472272,0.379863043999756,0.013596593376142163,0.014554373514959267,0.010702256266363017,45.26131291297782,1.918099404889253,0.17284101946480832
3,2,1.0,0.690880304410466,1.0,1.0,1.0,1.0,1.0,6.004452460055308,5.685775044966252,0.030142456901451318
