,k,normalized_mutual_info_score,mutual_info_score,homogeneity_score,fowlkes_mallows_score,completeness_score,adjusted_rand_score,adjusted_mutual_info_score,calinski_harabasz_score,davies_bouldin_score,silhouette_score
0,2,0.13980972141655573,0.10540633376899536,0.12831230050669193,0.5428855432329767,0.15357039317314058,0.052907729013767106,0.13437917260987542,114.8844304710653,1.080886761167475,0.3550111077169282
1,3,0.49451604670566196,0.3986646698203863,0.4852989292607485,0.8062522135438603,0.5040900576587282,0.5790671581240897,0.4882857152795127,131.83643925618364,0.9235777813115558,0.4565740832904506
2,4,0.32598229572560267,0.30983301088739035,0.3771631644736115,0.6000131726108844,0.28703216266030906,0.2582569568412238,0.31501133470631226,153.7400987035341,0.815877328551424,0.40291024356476735
3,5,0.33112638085307244,0.35420286072383983,0.4311750753529739,0.5803410290976675,0.2687632789007592,0.275402190922566,0.3181492389844405,165.92420027947995,0.8300573416438185,0.3944580789974784
4,3,1.0,0.8214826899116975,1.0,1.0,1.0,1.0,1.0,68.80148036158958,1.2444333530707354,0.3835002853016623
