,k,normalized_mutual_info_score,mutual_info_score,homogeneity_score,fowlkes_mallows_score,completeness_score,adjusted_rand_score,adjusted_mutual_info_score,calinski_harabasz_score,davies_bouldin_score,silhouette_score
0,4,0.08377776221864286,0.12695302748133064,0.0754203013122592,0.2526072253328422,0.09421825904712597,0.027645310283047935,0.07056680569384115,558.0661308282386,0.8923486314414675,0.34893278733260724
1,5,0.10467558730720615,0.168906386865753,0.10034396850325975,0.23847626936320204,0.10939805002907485,0.035048689754023796,0.08827194782944356,523.0286069893402,0.9460246050601746,0.31744385070624564
2,6,0.10320355650535573,0.17573126445232973,0.10439849429292314,0.21476603247161052,0.10203566351192035,0.02666574158999421,0.08352605215087752,486.75744501194976,1.071465602019315,0.284281504174873
3,7,0.10485288064889915,0.18794765528084992,0.11165601225460237,0.19792037587644193,0.09883115937820729,0.02813745584290346,0.08229013128977511,454.86078099047063,1.2078200981256741,0.25984506042365524
4,8,0.17724371879040066,0.3290176844917573,0.195462947152476,0.21816789458461563,0.16213135024300226,0.06308299235193997,0.15362925133118457,420.94172423979455,1.2225216095179983,0.2613383722102094
5,6,1.0,1.6832739364924156,1.0,1.0,1.0,1.0,1.0,20.679657647590588,5.899010025474418,-0.03357835416491129
