true_k,calinski_harabasz_score,davies_bouldin_score,silhouette_score
3,51.90716154797278,2.5279577241776545,0.260827350983948
