k,opt_sos_sdp,normalized_mutual_info_score,mutual_info_score,homogeneity_score,fowlkes_mallows_score,completeness_score,adjusted_rand_score,adjusted_mutual_info_score,calinski_harabasz_score,davies_bouldin_score,silhouette_score
2.0,13638.3,0.49099715322938187,0.4392356920521657,0.40075861145771274,0.6519055872239359,0.6336831547050913,0.3989713297894657,0.4890804951430663,371.0553030050826,0.7522586238450906,0.5150123044043785
3.0,8957.91,0.5458430500422186,0.5620602381069193,0.512823717778765,0.6616839023616249,0.5834070523255318,0.46132893486545035,0.5428393181773931,359.10473171402344,0.6692535513389878,0.5419218557223351
4.0,7230.33,0.4658578423230228,0.5496313607454874,0.5014836110354494,0.580607790951345,0.43495809569923327,0.38277345416137926,0.46121804715918135,319.1811337346417,0.8696701159591098,0.4352170786214091
5.0,5901.86,0.4666431283706784,0.5981987867410505,0.545796526757575,0.5838176774556085,0.40754016994421993,0.40761677565032556,0.460928129070025,308.8800396373083,0.9428932950905058,0.3825725727537546
3.0,nan,1.0,1.0960106146053783,1.0,1.0,1.0,1.0,1.0,51.90716154797278,2.5279577241776545,0.260827350983948
