true_k,calinski_harabasz_score,davies_bouldin_score,silhouette_score
2,6.004452460055308,5.685775044966328,0.030142456901451325
