k,opt_sos_sdp,normalized_mutual_info_score,mutual_info_score,homogeneity_score,fowlkes_mallows_score,completeness_score,adjusted_rand_score,adjusted_mutual_info_score,calinski_harabasz_score,davies_bouldin_score,silhouette_score
2.0,280.534,0.008790113080792413,0.006075560728734164,0.008793941135604512,0.5027663757107326,0.008786288357280174,0.006409844785829633,0.00530524700027054,59.699458265423424,1.8005189338588006,0.1983999469666345
3.0,235.04,0.003110558458084321,0.0027476044649865916,0.003976961634955198,0.41432225905188397,0.0025541275810736863,-0.0017586922582194335,-0.0024019487046078617,55.29428177572339,1.6929144859460152,0.19248688387763893
4.0,217.165,0.023208008607424925,0.02336049067023427,0.0338126452890678,0.3853278410759623,0.01766709100808889,0.020502085473345234,0.016054533677699222,45.29926475510734,1.907214357311025,0.17361402549485805
2.0,nan,1.0,0.690880304410466,1.0,1.0,1.0,1.0,1.0,6.004452460055308,5.685775044966328,0.030142456901451325
