k,opt_sos_sdp,true_k,normalized_mutual_info_score,mutual_info_score,homogeneity_score,fowlkes_mallows_score,completeness_score,adjusted_rand_score,adjusted_mutual_info_score,calinski_harabasz_score,davies_bouldin_score,silhouette_score
2.0,21803.3,0,0.007082330773726759,0.006258581462078167,0.005698393970266423,0.414028536176009,0.009354110938204796,0.00011396841623356772,-0.0005244138766196055,120.04262044283243,1.0472127358490746,0.3801283934670079
3.0,16775.4,1,0.026314192155782762,0.027684818359896078,0.025206830488001507,0.36193559274060016,0.02752331954067745,0.00887911245959397,0.013589272548773004,99.66676208871986,1.1042788462657307,0.33747665580946734
4.0,13221.3,0,0.038166087945528476,0.046005433529489256,0.041887620479559094,0.3111809990024711,0.035051881068158125,0.007994449152107399,0.021593671153922883,96.90851752548882,1.103668339637843,0.34323894977576824
5.0,10537.7,0,0.04610494002669531,0.06128757875552099,0.0558019051679362,0.2779161092756532,0.039279204038158336,0.014195313697267726,0.02608807653252143,99.86594938807349,0.9866865681764867,0.36431235960560965
