true_k,calinski_harabasz_score,davies_bouldin_score,silhouette_score
3,1.9751074796018278,9.1301455401467,-0.019198693057877643
