true_k,calinski_harabasz_score,davies_bouldin_score,silhouette_score
3,68.80148036158958,1.2444333530707423,0.3835002853016623
