k,opt_sos_sdp,true_k,normalized_mutual_info_score,mutual_info_score,homogeneity_score,fowlkes_mallows_score,completeness_score,adjusted_rand_score,adjusted_mutual_info_score,calinski_harabasz_score,davies_bouldin_score,silhouette_score
2.0,41608.0,0,0.12763266883059027,0.09664086778750197,0.11764200143753492,0.5372099535501407,0.13947771983801716,0.04775157335177057,0.12215081309750991,115.04657594115812,1.0656984721770706,0.3462207447643411
3.0,28560.2,1,0.49451604670566196,0.3986646698203863,0.4852989292607485,0.8062522135438603,0.5040900576587282,0.5790671581240897,0.4882857152795125,131.83643925618364,0.9235777813115492,0.45657408329045057
4.0,20082.7,0,0.32113789026291656,0.30325568697618094,0.3691565150432791,0.6175825442367808,0.2841735594981179,0.28141790702370056,0.31003058020629953,154.09183040925103,0.824908065327054,0.4107051556699643
5.0,15402.5,0,0.3311263808530725,0.3542028607238399,0.43117507535297395,0.5803410290976675,0.26876327890075924,0.275402190922566,0.31814923898444103,165.92420027947998,0.8300573416438102,0.39445807899747826
