k,opt_sos_sdp,normalized_mutual_info_score,mutual_info_score,homogeneity_score,fowlkes_mallows_score,completeness_score,adjusted_rand_score,adjusted_mutual_info_score,calinski_harabasz_score,davies_bouldin_score,silhouette_score
2.0,4543750.0,0.42591862667461144,0.36295243685914913,0.3341985166219701,0.6590510206234098,0.587027006858955,0.3694075388574537,0.42205266757395166,19.490035043004056,2.176493391527308,0.1139838328809922
3.0,2370690.0,0.4287568597645354,0.4657066646034707,0.42881231997856467,0.5835370218944976,0.42870141389448585,0.37111371823084754,0.4226866642766121,18.638514675777287,4.303568871252648,0.04061424616406609
4.0,1331900.0,0.3884332923957888,0.4644628506130969,0.42766704377065784,0.5207343245323419,0.3557931783115363,0.303442531578347,0.3794660493529976,11.956480798763463,7.7357050778337495,-0.03187845066675151
5.0,916379.0,0.4109925606542485,0.537739887874978,0.4951389069362355,0.5087079622475457,0.351292227983938,0.31158801033176253,0.4003850916370255,14.735786788755284,5.408027216584347,-0.05842071879768901
3.0,nan,1.0,1.0860384436406825,1.0,1.0,1.0,1.0,1.0,15.81175326135954,2.806900926429026,0.0688642280213505
