true_k,calinski_harabasz_score,davies_bouldin_score,silhouette_score
3,15.81175326135954,2.806900926429026,0.0688642280213505
