k,opt_sos_sdp,v_measure_score_0.6,v_measure_score_1.4,normalized_mutual_info_score,mutual_info_score,homogeneity_score,fowlkes_mallows_score,completeness_score,adjusted_rand_score,adjusted_mutual_info_score,calinski_harabasz_score,davies_bouldin_score,silhouette_score
2.0,4543750.0,0.19652256389584186,0.2684095767456376,0.2341492996923149,0.6182891632213365,0.13259858245746162,0.09781775557960357,0.9999999999999998,0.008229182804763327,0.08804446977956841,19.490035043004056,2.176493391527314,0.11398383288099236
3.0,2370690.0,0.3270411382313599,0.421618422886916,0.37790389296487614,1.0863194043910775,0.23297256637623706,0.12716718539976096,1.0,0.021312477768084544,0.14906640438763313,18.638514675777287,4.303568871252974,0.04061424616406595
4.0,1331900.0,0.3835182289141663,0.4827127700494427,0.43745481242035,1.30542933065009,0.27996298340527254,0.1383968021052587,1.0,0.027165086730906632,0.1699895001252638,11.956480798763463,7.735705077835789,-0.0318784506667515
5.0,916379.0,0.4388209214007794,0.5397947642035991,0.4942989694460332,1.5307480355061107,0.3282849379894322,0.15477542361394026,0.9999999999999999,0.0365162504642127,0.19390291066966733,14.735786788755284,5.4080272165831875,-0.058420718797688974
