k,normalized_mutual_info_score,mutual_info_score,homogeneity_score,fowlkes_mallows_score,completeness_score,adjusted_rand_score,adjusted_mutual_info_score,calinski_harabasz_score,davies_bouldin_score,silhouette_score
2,0.5035596810686214,0.4508601731442408,0.4107713753490491,0.6651722410068127,0.6504997357372246,0.42096401946901046,0.5017106628316834,279.02146941811594,0.6981217369734207,0.5749904584972232
3,0.5463765765707048,0.5537671932724482,0.5045282887094413,0.6726050010685936,0.5957950174263004,0.4708785919450187,0.5433510431307448,309.2557998452903,0.6032329891280371,0.6322744873259036
4,0.556547659042638,0.6040810733233957,0.550368447008504,0.6765081658527577,0.5628671996937633,0.4937406137101005,0.5523355426870863,317.88997412340456,0.5886644441624687,0.6536244570141765
5,0.6113245263886611,0.7225693687305899,0.6583212070133367,0.7101001750745403,0.5705908032997264,0.5654820896922822,0.6067883724773538,350.9179183446262,0.6020361202471877,0.6824724738526461
3,1.0,1.0975939420343654,1.0,1.0,1.0,1.0,1.0,50.53473179960157,2.2837843856324795,0.4692214114072803
