k,normalized_mutual_info_score,mutual_info_score,homogeneity_score,fowlkes_mallows_score,completeness_score,adjusted_rand_score,adjusted_mutual_info_score,calinski_harabasz_score,davies_bouldin_score,silhouette_score
2,0.12186112054419279,0.103248340258415,0.09867415592060855,0.4602705429856286,0.15929249721219604,0.02615527060591208,0.11835050146180513,120.66118216909004,1.3011778495789665,0.30622537731244953
3,0.1621105715363804,0.16899227096214928,0.16150545037878009,0.4030883988072931,0.1627202442274319,0.05330698323782812,0.15663535783669041,142.07033597185406,1.0628037616106143,0.3273632309615051
4,0.2052404753362546,0.24356706913062656,0.23277638067951675,0.3881516397256538,0.1835300813021801,0.0993537434579592,0.19836296340096374,143.76413641071147,1.0732411603047478,0.32553395341276403
5,0.38481469008921537,0.47284648160580967,0.4518980870366107,0.46124294710352826,0.33507365422744406,0.20297872393034727,0.37786636674666907,166.24032659730273,0.8420161038120229,0.39752307176738416
3,1.0,1.0463564577282705,1.0,1.0,1.0,1.0,1.0,0.014217517052841574,120.43118334004778,-0.010563524873156782
