k,normalized_mutual_info_score,mutual_info_score,homogeneity_score,fowlkes_mallows_score,completeness_score,adjusted_rand_score,adjusted_mutual_info_score,calinski_harabasz_score,davies_bouldin_score,silhouette_score
2,0.5979727711023263,0.5266688268014077,0.49134036305860557,0.7664423540430446,0.7637173981526055,0.5821826429846935,0.59602789846613,751.2905120512687,0.3519045622593329,0.7348068903877594
3,0.6400618519311038,0.6248330276145528,0.5829197989629743,0.7915155418959071,0.7096244161981063,0.6483717070239138,0.636822029675717,631.3318427553139,0.5120883365552338,0.7371089795591736
4,0.6733330764904996,0.7092776134836439,0.6616999191596419,0.8178682551332983,0.6853825921323213,0.705791595796343,0.6691589254118446,824.4668082737813,0.42392184952718037,0.7599966725533781
5,0.6835882968102652,0.751594176677411,0.7011779259543329,0.8301868975785732,0.6668595720051071,0.7307789007864689,0.6782580684682645,806.8097010845635,0.47163075434077983,0.73735109102075
3,1.0,1.0719022217569947,1.0,1.0,1.0,1.0,1.0,191.4378235419437,1.5564445962690894,0.5749826418958833
