k,opt_sos_sdp,true_k,normalized_mutual_info_score,mutual_info_score,homogeneity_score,fowlkes_mallows_score,completeness_score,adjusted_rand_score,adjusted_mutual_info_score,calinski_harabasz_score,davies_bouldin_score,silhouette_score
5.0,158.63,0,0.6993349994752281,1.0984475727336185,0.6629095594628994,0.680681732167751,0.7399961819075096,0.5811563562389545,0.6707532901380499,82.21871061168216,0.9255466297226398,0.4301899320142995
6.0,134.773,0,0.745044183859346,1.235315542067745,0.7455089365365565,0.7363517316948206,0.7445800102777634,0.6610838742714487,0.7159708514353341,79.97448856682449,0.9310474847925786,0.44779715630304434
7.0,119.704,1,0.7816625894813721,1.3471139658020228,0.8129789238768711,0.7741355207962075,0.7526694063540147,0.7087529337715824,0.7527195513185745,76.21779577510424,1.0211302587108235,0.44057129037168635
8.0,109.287,0,0.8078200013977627,1.4227394115400198,0.8586186359239372,0.787945046988338,0.7626964323306963,0.7251155013659698,0.7790454380030649,72.06147916786657,1.0561214365381413,0.442117718340804
9.0,100.129,0,0.8337886459103071,1.5011749300384132,0.9059542177984701,0.8072445195129591,0.7722718101398626,0.74711213630809,0.8062558551394664,69.13282029937969,0.9903091219416648,0.4547490257242741
