true_k,calinski_harabasz_score,davies_bouldin_score,silhouette_score
7,23.902799308963928,1.8586399351741554,0.3039716264714694
