k,normalized_mutual_info_score,mutual_info_score,homogeneity_score,fowlkes_mallows_score,completeness_score,adjusted_rand_score,adjusted_mutual_info_score,calinski_harabasz_score,davies_bouldin_score,silhouette_score
2.0,0.00023133435886200715,0.00020069718323301178,0.00018268244885220135,0.4217283377047502,0.00031530670208122606,-0.007499130434782609,-0.007635872620076757,0.14304604604457438,27.49262280645728,-0.017188270692698723
3.0,0.006427288057976017,0.007060669128861413,0.006426898007322799,0.3245816925693625,0.0064276781559767255,-0.006440369443752882,-0.00600791179533448,1.1545897100223719,17.73282154383264,-0.04674854264771435
4.0,0.011795994362109681,0.01437794056144659,0.01308736549713778,0.2935135880613515,0.010736582327668096,-0.0035542059294906164,-0.005147941506437516,0.48711871539682944,23.08314703793964,-0.06576691668948871
5.0,0.011795994362109681,0.01437794056144659,0.01308736549713778,0.2935135880613515,0.010736582327668096,-0.0035542059294906164,-0.005147941506437516,0.48711871539682944,23.08314703793964,-0.06576691668948871
6.0,0.007849562995703514,0.010785796137097084,0.009817654734385981,0.24725280850574746,0.006538771174463056,-0.009689719898012516,-0.018949227045856238,0.24407627378065536,33.63375814318326,-0.11820550128276279
3.0,1.0,1.0986122886681096,1.0,1.0,1.0,1.0,1.0,486.32083931855675,0.7517428073901348,0.5032506980366627
