k,normalized_mutual_info_score,mutual_info_score,homogeneity_score,fowlkes_mallows_score,completeness_score,adjusted_rand_score,adjusted_mutual_info_score,calinski_harabasz_score,davies_bouldin_score,silhouette_score
2.0,0.00023133435886200715,0.00020069718323301178,0.00018268244885220135,0.4217283377047502,0.00031530670208122606,-0.007499130434782609,-0.007635872620076757,0.14304604604457438,27.49262280645728,-0.017188270692698723
3.0,0.00829686828600193,0.009112828367875386,0.008294853845957998,0.32608109256529433,0.008298883704713957,-0.004406940114580443,-0.004117447724067155,1.6189422352486509,13.97266058374452,-0.05034727308721003
4.0,0.007844464800813864,0.00951272504171724,0.008658855485086452,0.2962676374575521,0.007170096274684952,-0.005629536167141241,-0.009258536226642631,1.0800430975064683,26.219679726881495,-0.06440439805544862
5.0,0.007844464800813864,0.00951272504171724,0.008658855485086452,0.2962676374575521,0.007170096274684952,-0.005629536167141241,-0.009258536226642631,1.0800430975064683,26.219679726881495,-0.06440439805544862
6.0,0.014482215765531452,0.020279303179622135,0.018459017242750418,0.24909540082351758,0.01191520906216084,-0.003486037598101843,-0.010620188861895138,0.38555995969896567,22.05139474734803,-0.10993885786479804
3.0,1.0,1.0986122886681096,1.0,1.0,1.0,1.0,1.0,486.32083931855675,0.7517428073901348,0.5032506980366627
