k,normalized_mutual_info_score,mutual_info_score,homogeneity_score,fowlkes_mallows_score,completeness_score,adjusted_rand_score,adjusted_mutual_info_score,calinski_harabasz_score,davies_bouldin_score,silhouette_score
2.0,0.00023133435886200715,0.00020069718323301178,0.00018268244885220135,0.4217283377047502,0.00031530670208122606,-0.007499130434782609,-0.007635872620076757,0.14304604604457438,27.49262280645728,-0.017188270692698723
3.0,0.005892364533157952,0.006469886542407821,0.0058891445227246784,0.32450085417581304,0.005895588066730934,-0.007097608432285144,-0.00655625904258924,1.224111021430188,17.972792561154005,-0.05010876933007606
4.0,0.005654770262160989,0.006862269876115212,0.006246307224939755,0.29407527020780516,0.005165580170333747,-0.008462386864965662,-0.011467451292906026,0.8250668989637864,23.620008433615073,-0.06289398040439419
5.0,0.005654770262160989,0.006862269876115212,0.006246307224939755,0.29407527020780516,0.005165580170333747,-0.008462386864965662,-0.011467451292906026,0.8250668989637864,23.620008433615073,-0.06289398040439419
6.0,0.01728817902023485,0.024538244400569655,0.02233567260595485,0.23843880693283404,0.014101477668659799,-0.004035079607281022,-0.007347889224033669,0.5207830029147332,28.21333153278292,-0.09379310070779671
3.0,1.0,1.0986122886681096,1.0,1.0,1.0,1.0,1.0,486.32083931855675,0.7517428073901348,0.5032506980366627
