k,normalized_mutual_info_score,mutual_info_score,homogeneity_score,fowlkes_mallows_score,completeness_score,adjusted_rand_score,adjusted_mutual_info_score,calinski_harabasz_score,davies_bouldin_score,silhouette_score
2.0,0.00851415328978598,0.007525686322349165,0.00665229345587641,0.42118696091530733,0.01182328170716149,-0.0036690049397579663,-0.004026380949535969,0.14304604604457438,27.49262280645728,-0.017188270692698723
3.0,0.014746597974545495,0.016437817506991567,0.014530128037082073,0.3238962730898838,0.014969615397424496,-0.004368402701153328,-0.004122207218401134,1.6189422352486509,13.97266058374452,-0.05034727308721003
4.0,0.016696593781714206,0.020520231242198005,0.01813875760409497,0.2955621603032226,0.015466864956163744,-0.0037711924001924825,-0.007458169355662587,1.0800430975064683,26.219679726881495,-0.06440439805544862
5.0,0.016696593781714206,0.020520231242198005,0.01813875760409497,0.2955621603032226,0.015466864956163744,-0.0037711924001924825,-0.007458169355662587,1.0800430975064683,26.219679726881495,-0.06440439805544862
6.0,0.02466174000376754,0.0349365592515473,0.03088199992998906,0.24898415063989973,0.020527155381406554,-0.0014795420035461227,-0.008258751668271695,0.3855599596989657,22.05139474734803,-0.10993885786479804
3.0,1.0,1.1312919930946868,1.0,1.0,1.0,1.0,1.0,323.0045475187688,0.9604862516178518,0.23084148795447304
