k,normalized_mutual_info_score,mutual_info_score,homogeneity_score,fowlkes_mallows_score,completeness_score,adjusted_rand_score,adjusted_mutual_info_score,calinski_harabasz_score,davies_bouldin_score,silhouette_score
2.0,0.45174744278444956,0.39552385793994294,0.3641895554028865,0.6369153449012804,0.5947319824908041,0.3575258937685815,0.44816135177662103,4.724676482046835,4.772507182581976,0.017241427290387867
3.0,0.7829064271769635,0.8490333831127055,0.7817710211680219,0.8289402964214855,0.7840451359991002,0.7411365432162113,0.7805956671739821,28.820893709246562,2.1381987210680466,0.05614115047841465
4.0,0.6911417280438827,0.8485129663551961,0.7812918330135356,0.7460241893930312,0.6196435632019868,0.6316644543025782,0.6867501452210255,19.01180767512001,4.239344463918555,0.013520913455075879
5.0,0.6274921313606916,0.8360552342319092,0.7698210308552571,0.676948931535519,0.5295803062029406,0.5386990122636504,0.6209289925907807,17.96085461048433,4.360383789988411,-0.050553543963330345
6.0,0.5801420061015268,0.8277073812877269,0.7621345138695433,0.5999038363953739,0.4683122457702772,0.4393651854561633,0.5714426548424673,14.84718061685048,4.154232133833024,-0.08339105898499977
7.0,0.5672085355038675,0.8522462066699694,0.7847293175120202,0.5649709239512903,0.4441058845152886,0.3952611452124634,0.5568979841757283,10.683199398733215,4.671349099268702,-0.10848825898921131
3.0,1.0,1.0860384436406825,1.0,1.0,1.0,1.0,1.0,15.81175326135954,2.8069009264289915,0.06886422802135053
