k,normalized_mutual_info_score,mutual_info_score,homogeneity_score,fowlkes_mallows_score,completeness_score,adjusted_rand_score,adjusted_mutual_info_score,calinski_harabasz_score,davies_bouldin_score,silhouette_score
2.0,0.00023133435886200715,0.00020069718323301178,0.00018268244885220135,0.4217283377047502,0.00031530670208122606,-0.007499130434782609,-0.007635872620076757,0.14304604604457438,27.49262280645728,-0.017188270692698723
3.0,0.00249424789591555,0.0027342107442220043,0.002488785873255427,0.32331821906628716,0.0024997339458015487,-0.010675374167385959,-0.01001984655392903,0.5929897992106954,26.671973386298166,-0.043388672992785794
4.0,0.01461496613034115,0.01788379437647121,0.01627853116239254,0.2932699469779092,0.01325988775290051,-0.0008003339027465223,-0.002195620434040685,0.3599678988246224,41.76259897526043,-0.050816050146023764
5.0,0.01461496613034115,0.01788379437647121,0.01627853116239254,0.2932699469779092,0.01325988775290051,-0.0008003339027465223,-0.002195620434040685,0.3599678988246224,41.76259897526043,-0.050816050146023764
6.0,0.017956289333493445,0.025098204140768507,0.022845369926815618,0.25241467926309885,0.014790921206055073,0.00045006416455318967,-0.007172346792928132,0.43982551984031215,24.483108529832375,-0.11861862346175871
3.0,1.0,1.0986122886681096,1.0,1.0,1.0,1.0,1.0,486.32083931855675,0.7517428073901348,0.5032506980366627
