k,normalized_mutual_info_score,mutual_info_score,homogeneity_score,fowlkes_mallows_score,completeness_score,adjusted_rand_score,adjusted_mutual_info_score,calinski_harabasz_score,davies_bouldin_score,silhouette_score
2.0,0.45174744278444956,0.39552385793994294,0.3641895554028865,0.6369153449012804,0.5947319824908041,0.3575258937685815,0.44816135177662103,4.724676482046835,4.772507182581976,0.017241427290387867
3.0,0.756573670115927,0.821478616235408,0.7563992057975394,0.818915729197765,0.7567482149336601,0.7263406645756675,0.753986095682503,27.527248913355315,2.274423308394475,0.06214240472240494
4.0,0.6911417280438827,0.8485129663551961,0.7812918330135356,0.7460241893930312,0.6196435632019868,0.6316644543025782,0.6867501452210255,19.01180767512001,4.239344463918555,0.013520913455075879
5.0,0.6418009131140144,0.8564544835042962,0.7886042050530354,0.685657893014028,0.5410763763558843,0.5500058166366797,0.6355017664210562,18.058007433979885,4.155257435674416,-0.05142382149381932
6.0,0.5801420061015268,0.8277073812877269,0.7621345138695433,0.5999038363953739,0.4683122457702772,0.4393651854561633,0.5714426548424673,14.84718061685048,4.154232133833024,-0.08339105898499977
3.0,1.0,1.0860384436406825,1.0,1.0,1.0,1.0,1.0,15.81175326135954,2.8069009264289915,0.06886422802135053
